Job,Customer,Name,Top_Lvl_Job,Status,Expr1,Open_Operations,Work_Center,WC_Vendor,Description,Est Operatiom Hours,Est_Total_Hrs,Sched_End,Lead_Days,Part_Number,Expr3,Priority,Promised_Date,Expr4,DeliveryKey,Sched_Start,Expr5,Expr2,Expr6,Master R,Project L,Repeat,Packaging R,FAI_Report
1300,GENELE,GENERAL ELECTRIC,1300,Active,O,5,MACHINE,MACHINE,C-115 PRESS,6.71,11.26,2014-12-02 00:00:00.000,1,AS-2690-3291260,RACK MOUNT SPRING,5,2014-09-11 00:00:00.000,0,50,2014-11-24 00:00:00.000,2014-11-24 11:30:00.000,C-115 PRESS,1300,NULL,NULL,NULL,NULL,NULL
1300,GENELE,GENERAL ELECTRIC,1300,Active,O,5,GRIND,GRIND,WHEEL ABRATE,1.55,11.26,2014-12-02 00:00:00.000,1,AS-2690-3291260,RACK MOUNT SPRING,5,2014-09-11 00:00:00.000,0,50,2014-11-24 00:00:00.000,2014-11-24 18:13:00.000,WHEEL ABRATE,1300,NULL,NULL,NULL,NULL,NULL
1300,GENELE,GENERAL ELECTRIC,1300,Active,O,5,NULL,TRUCOA,PLATING - YELLOW ZINC,0,11.26,2014-12-02 00:00:00.000,1,AS-2690-3291260,RACK MOUNT SPRING,5,2014-09-11 00:00:00.000,5,50,2014-11-24 00:00:00.000,2014-11-24 19:46:00.000,PLATING - YELLOW ZINC,1300,NULL,NULL,NULL,NULL,NULL
1300,GENELE,GENERAL ELECTRIC,1300,Active,O,5,INSPECT,INSPECT,FINAL INSPECTION,2,11.26,2014-12-02 00:00:00.000,1,AS-2690-3291260,RACK MOUNT SPRING,5,2014-09-11 00:00:00.000,0,50,2014-11-24 00:00:00.000,2014-12-01 19:46:00.000,FINAL INSPECTION,1300,NULL,NULL,NULL,NULL,NULL
1300,GENELE,GENERAL ELECTRIC,1300,Active,O,5,PACKAGE,PACKAGE,SPECIAL PACKING PER SPEC.,1,11.26,2014-12-02 00:00:00.000,1,AS-2690-3291260,RACK MOUNT SPRING,5,2014-09-11 00:00:00.000,0,50,2014-11-24 00:00:00.000,2014-12-02 07:00:00.000,SPECIAL PACKING PER SPEC.,1300,NULL,NULL,NULL,NULL,NULL
1400,GENELE,GENERAL ELECTRIC,1400,Active,O,4,MACHINE,MACHINE,C-115 PRESS,10.03,15.16,2014-12-02 00:00:00.000,0,A2660925,FRONT SPRING,5,2014-10-21 00:00:00.000,0,51,2014-11-24 00:00:00.000,2014-11-24 11:30:00.000,C-115 PRESS,1400,NULL,NULL,NULL,NULL,NULL
1400,GENELE,GENERAL ELECTRIC,1400,Active,O,4,GRIND,GRIND,WHEEL ABRATE,3.13,15.16,2014-12-02 00:00:00.000,0,A2660925,FRONT SPRING,5,2014-10-21 00:00:00.000,0,51,2014-11-24 00:00:00.000,2014-11-24 21:32:00.000,WHEEL ABRATE,1400,NULL,NULL,NULL,NULL,NULL
1400,GENELE,GENERAL ELECTRIC,1400,Active,O,4,NULL,TRUCOA,PLATING - YELLOW ZINC,0,15.16,2014-12-02 00:00:00.000,0,A2660925,FRONT SPRING,5,2014-10-21 00:00:00.000,5,51,2014-11-24 00:00:00.000,2014-11-25 00:40:00.000,PLATING - YELLOW ZINC,1400,NULL,NULL,NULL,NULL,NULL
1400,GENELE,GENERAL ELECTRIC,1400,Active,O,4,INSPECT,INSPECT,FINAL INSPECTION & PACK,2,15.16,2014-12-02 00:00:00.000,0,A2660925,FRONT SPRING,5,2014-10-21 00:00:00.000,0,51,2014-11-24 00:00:00.000,2014-12-02 00:40:00.000,FINAL INSPECTION & PACK,1400,NULL,NULL,NULL,NULL,NULL
2000-A,TORMFG,TORO MFG. COMPANY,2000-A,Active,O,6,MATERIAL,MATERIAL,RECEIVE MATERIAL,1,46.28,2014-12-03 00:00:00.000,2,25B - 1200A,VALVE - RIGHT SIDE,5,2014-09-21 00:00:00.000,0,21,2014-11-24 00:00:00.000,2014-11-24 11:30:00.000,RECEIVE MATERIAL,2000-A,NULL,NULL,NULL,NULL,NULL
2000-A,TORMFG,TORO MFG. COMPANY,2000-A,Active,O,6,SCREW,SCREW,B & S AUTO - DRILL & TAP,42.78,46.28,2014-12-03 00:00:00.000,2,25B - 1200A,VALVE - RIGHT SIDE,5,2014-09-21 00:00:00.000,0,21,2014-11-24 00:00:00.000,2014-11-24 12:30:00.000,B & S AUTO - DRILL & TAP,2000-A,NULL,NULL,NULL,NULL,NULL
2000-A,TORMFG,TORO MFG. COMPANY,2000-A,Active,O,6,NULL,MIDFLA,HEAT TREAT,0,46.28,2014-12-03 00:00:00.000,2,25B - 1200A,VALVE - RIGHT SIDE,5,2014-09-21 00:00:00.000,5,21,2014-11-24 00:00:00.000,2014-11-26 07:47:00.000,HEAT TREAT,2000-A,NULL,NULL,NULL,NULL,NULL
2000-A,TORMFG,TORO MFG. COMPANY,2000-A,Active,O,6,DRILL,DRILL,SECONDARY OPERATION,0.25,46.28,2014-12-03 00:00:00.000,2,25B - 1200A,VALVE - RIGHT SIDE,5,2014-09-21 00:00:00.000,0,21,2014-11-24 00:00:00.000,2014-12-03 07:47:00.000,SECONDARY OPERATION,2000-A,NULL,NULL,NULL,NULL,NULL
2000-A,TORMFG,TORO MFG. COMPANY,2000-A,Active,O,6,DEBURR,DEBURR,TUMBLE & CLEAN,2.25,46.28,2014-12-03 00:00:00.000,2,25B - 1200A,VALVE - RIGHT SIDE,5,2014-09-21 00:00:00.000,0,21,2014-11-24 00:00:00.000,2014-12-03 08:02:00.000,TUMBLE & CLEAN,2000-A,NULL,NULL,NULL,NULL,NULL
2000-A,TORMFG,TORO MFG. COMPANY,2000-A,Active,O,6,INSPECT,INSPECT,NULL,0,46.28,2014-12-03 00:00:00.000,2,25B - 1200A,VALVE - RIGHT SIDE,5,2014-09-21 00:00:00.000,0,21,2014-11-24 00:00:00.000,2014-12-03 10:17:00.000,NULL,2000-A,NULL,NULL,NULL,NULL,NULL
2000-A,TORMFG,TORO MFG. COMPANY,2000-A,Active,O,6,MATERIAL,MATERIAL,RECEIVE MATERIAL,1,46.28,2014-12-03 00:00:00.000,2,25B - 1200A,VALVE - RIGHT SIDE,5,2014-09-21 00:00:00.000,0,27,2014-11-24 00:00:00.000,2014-11-24 11:30:00.000,RECEIVE MATERIAL,2000-A,NULL,NULL,NULL,NULL,NULL
2000-A,TORMFG,TORO MFG. COMPANY,2000-A,Active,O,6,SCREW,SCREW,B & S AUTO - DRILL & TAP,42.78,46.28,2014-12-03 00:00:00.000,2,25B - 1200A,VALVE - RIGHT SIDE,5,2014-09-21 00:00:00.000,0,27,2014-11-24 00:00:00.000,2014-11-24 12:30:00.000,B & S AUTO - DRILL & TAP,2000-A,NULL,NULL,NULL,NULL,NULL
2000-A,TORMFG,TORO MFG. COMPANY,2000-A,Active,O,6,NULL,MIDFLA,HEAT TREAT,0,46.28,2014-12-03 00:00:00.000,2,25B - 1200A,VALVE - RIGHT SIDE,5,2014-09-21 00:00:00.000,5,27,2014-11-24 00:00:00.000,2014-11-26 07:47:00.000,HEAT TREAT,2000-A,NULL,NULL,NULL,NULL,NULL
2000-A,TORMFG,TORO MFG. COMPANY,2000-A,Active,O,6,DRILL,DRILL,SECONDARY OPERATION,0.25,46.28,2014-12-03 00:00:00.000,2,25B - 1200A,VALVE - RIGHT SIDE,5,2014-09-21 00:00:00.000,0,27,2014-11-24 00:00:00.000,2014-12-03 07:47:00.000,SECONDARY OPERATION,2000-A,NULL,NULL,NULL,NULL,NULL
2000-A,TORMFG,TORO MFG. COMPANY,2000-A,Active,O,6,DEBURR,DEBURR,TUMBLE & CLEAN,2.25,46.28,2014-12-03 00:00:00.000,2,25B - 1200A,VALVE - RIGHT SIDE,5,2014-09-21 00:00:00.000,0,27,2014-11-24 00:00:00.000,2014-12-03 08:02:00.000,TUMBLE & CLEAN,2000-A,NULL,NULL,NULL,NULL,NULL
2000-A,TORMFG,TORO MFG. COMPANY,2000-A,Active,O,6,INSPECT,INSPECT,NULL,0,46.28,2014-12-03 00:00:00.000,2,25B - 1200A,VALVE - RIGHT SIDE,5,2014-09-21 00:00:00.000,0,27,2014-11-24 00:00:00.000,2014-12-03 10:17:00.000,NULL,2000-A,NULL,NULL,NULL,NULL,NULL
2000-A,TORMFG,TORO MFG. COMPANY,2000-A,Active,O,6,MATERIAL,MATERIAL,RECEIVE MATERIAL,1,46.28,2014-12-03 00:00:00.000,2,25B - 1200A,VALVE - RIGHT SIDE,5,2014-09-21 00:00:00.000,0,28,2014-11-24 00:00:00.000,2014-11-24 11:30:00.000,RECEIVE MATERIAL,2000-A,NULL,NULL,NULL,NULL,NULL
2000-A,TORMFG,TORO MFG. COMPANY,2000-A,Active,O,6,SCREW,SCREW,B & S AUTO - DRILL & TAP,42.78,46.28,2014-12-03 00:00:00.000,2,25B - 1200A,VALVE - RIGHT SIDE,5,2014-09-21 00:00:00.000,0,28,2014-11-24 00:00:00.000,2014-11-24 12:30:00.000,B & S AUTO - DRILL & TAP,2000-A,NULL,NULL,NULL,NULL,NULL
2000-A,TORMFG,TORO MFG. COMPANY,2000-A,Active,O,6,NULL,MIDFLA,HEAT TREAT,0,46.28,2014-12-03 00:00:00.000,2,25B - 1200A,VALVE - RIGHT SIDE,5,2014-09-21 00:00:00.000,5,28,2014-11-24 00:00:00.000,2014-11-26 07:47:00.000,HEAT TREAT,2000-A,NULL,NULL,NULL,NULL,NULL
2000-A,TORMFG,TORO MFG. COMPANY,2000-A,Active,O,6,DRILL,DRILL,SECONDARY OPERATION,0.25,46.28,2014-12-03 00:00:00.000,2,25B - 1200A,VALVE - RIGHT SIDE,5,2014-09-21 00:00:00.000,0,28,2014-11-24 00:00:00.000,2014-12-03 07:47:00.000,SECONDARY OPERATION,2000-A,NULL,NULL,NULL,NULL,NULL
2000-A,TORMFG,TORO MFG. COMPANY,2000-A,Active,O,6,DEBURR,DEBURR,TUMBLE & CLEAN,2.25,46.28,2014-12-03 00:00:00.000,2,25B - 1200A,VALVE - RIGHT SIDE,5,2014-09-21 00:00:00.000,0,28,2014-11-24 00:00:00.000,2014-12-03 08:02:00.000,TUMBLE & CLEAN,2000-A,NULL,NULL,NULL,NULL,NULL
2000-A,TORMFG,TORO MFG. COMPANY,2000-A,Active,O,6,INSPECT,INSPECT,NULL,0,46.28,2014-12-03 00:00:00.000,2,25B - 1200A,VALVE - RIGHT SIDE,5,2014-09-21 00:00:00.000,0,28,2014-11-24 00:00:00.000,2014-12-03 10:17:00.000,NULL,2000-A,NULL,NULL,NULL,NULL,NULL
2001,TORMFG,TORO MFG. COMPANY,2001,Active,O,6,MATERIAL,MATERIAL,RECEIVE MATERIAL,1,47.06,2014-12-03 00:00:00.000,2,25B - 1200,VALVE FITTING - HOSE,5,2014-09-11 00:00:00.000,0,57,2014-11-24 00:00:00.000,2014-11-24 11:30:00.000,RECEIVE MATERIAL,2001,NULL,NULL,NULL,NULL,NULL
2001,TORMFG,TORO MFG. COMPANY,2001,Active,O,6,SCREW,SCREW,B & S AUTO - DRILL & TAP,20.56,47.06,2014-12-03 00:00:00.000,2,25B - 1200,VALVE FITTING - HOSE,5,2014-09-11 00:00:00.000,0,57,2014-11-24 00:00:00.000,2014-11-24 12:30:00.000,B & S AUTO - DRILL & TAP,2001,NULL,NULL,NULL,NULL,NULL
2001,TORMFG,TORO MFG. COMPANY,2001,Active,O,6,NULL,MIDFLA,HEAT TREAT,0,47.06,2014-12-03 00:00:00.000,2,25B - 1200,VALVE FITTING - HOSE,5,2014-09-11 00:00:00.000,5,57,2014-11-24 00:00:00.000,2014-11-25 09:04:00.000,HEAT TREAT,2001,NULL,NULL,NULL,NULL,NULL
2001,TORMFG,TORO MFG. COMPANY,2001,Active,O,6,DRILL,DRILL,SECONDARY OPERATION,21.25,47.06,2014-12-03 00:00:00.000,2,25B - 1200,VALVE FITTING - HOSE,5,2014-09-11 00:00:00.000,0,57,2014-11-24 00:00:00.000,2014-12-02 09:04:00.000,SECONDARY OPERATION,2001,NULL,NULL,NULL,NULL,NULL
2001,TORMFG,TORO MFG. COMPANY,2001,Active,O,6,DEBURR,DEBURR,TUMBLE & CLEAN,2.25,47.06,2014-12-03 00:00:00.000,2,25B - 1200,VALVE FITTING - HOSE,5,2014-09-11 00:00:00.000,0,57,2014-11-24 00:00:00.000,2014-12-03 15:19:00.000,TUMBLE & CLEAN,2001,NULL,NULL,NULL,NULL,NULL
2001,TORMFG,TORO MFG. COMPANY,2001,Active,O,6,INSPECT,INSPECT,NULL,2,47.06,2014-12-03 00:00:00.000,2,25B - 1200,VALVE FITTING - HOSE,5,2014-09-11 00:00:00.000,0,57,2014-11-24 00:00:00.000,2014-12-03 17:34:00.000,NULL,2001,NULL,NULL,NULL,NULL,NULL
2100,FORMOT,FORD MOTOR INC.,2100,Active,O,15,MATERIAL,MATERIAL,"RECEIVE, INSPECT & COUNT",0.25,29.15,2014-12-10 00:00:00.000,1,60045,GENERATOR SHAFT,5,2014-08-21 00:00:00.000,0,58,2014-11-24 00:00:00.000,2014-11-24 11:30:00.000,"RECEIVE, INSPECT & COUNT",2100,NULL,NULL,NULL,NULL,NULL
2100,FORMOT,FORD MOTOR INC.,2100,Active,O,15,INSPECT,INSPECT,NULL,0.25,29.15,2014-12-10 00:00:00.000,1,60045,GENERATOR SHAFT,5,2014-08-21 00:00:00.000,0,58,2014-11-24 00:00:00.000,2014-11-24 11:45:00.000,NULL,2100,NULL,NULL,NULL,NULL,NULL
2100,FORMOT,FORD MOTOR INC.,2100,Active,O,15,MACHINE,MACHINE,PROG SLANT #LF060045.57,1.88,29.15,2014-12-10 00:00:00.000,1,60045,GENERATOR SHAFT,5,2014-08-21 00:00:00.000,0,58,2014-11-24 00:00:00.000,2014-11-24 12:00:00.000,PROG SLANT #LF060045.57,2100,NULL,NULL,NULL,NULL,NULL
2100,FORMOT,FORD MOTOR INC.,2100,Active,O,15,MACHINE,MACHINE,MACHINE BLANK PER,7.38,29.15,2014-12-10 00:00:00.000,1,60045,GENERATOR SHAFT,5,2014-08-21 00:00:00.000,0,58,2014-11-24 00:00:00.000,2014-11-24 13:53:00.000,MACHINE BLANK PER,2100,NULL,NULL,NULL,NULL,NULL
2100,FORMOT,FORD MOTOR INC.,2100,Active,O,15,CNC LATHE,CNC LATHE,PROG SLANT LBO 60045.58,0,29.15,2014-12-10 00:00:00.000,1,60045,GENERATOR SHAFT,5,2014-08-21 00:00:00.000,0,58,2014-11-24 00:00:00.000,2014-11-24 21:16:00.000,PROG SLANT LBO 60045.58,2100,NULL,NULL,NULL,NULL,NULL
2100,FORMOT,FORD MOTOR INC.,2100,Active,O,15,CNC LATHE,CNC LATHE,ROUGH ECCENTRIC,6.1,29.15,2014-12-10 00:00:00.000,1,60045,GENERATOR SHAFT,5,2014-08-21 00:00:00.000,0,58,2014-11-24 00:00:00.000,2014-11-24 21:16:00.000,ROUGH ECCENTRIC,2100,NULL,NULL,NULL,NULL,NULL
2100,FORMOT,FORD MOTOR INC.,2100,Active,O,15,MATSUURA,MATSUURA,PROGRAM MATSUURA,0,29.15,2014-12-10 00:00:00.000,1,60045,GENERATOR SHAFT,5,2014-08-21 00:00:00.000,0,58,2014-11-24 00:00:00.000,2014-11-25 03:22:00.000,PROGRAM MATSUURA,2100,NULL,NULL,NULL,NULL,NULL
2100,FORMOT,FORD MOTOR INC.,2100,Active,O,15,MATSUURA,MATSUURA,FINISH ECCENTRIC,8.63,29.15,2014-12-10 00:00:00.000,1,60045,GENERATOR SHAFT,5,2014-08-21 00:00:00.000,0,58,2014-11-24 00:00:00.000,2014-11-25 07:00:00.000,FINISH ECCENTRIC,2100,NULL,NULL,NULL,NULL,NULL
2100,FORMOT,FORD MOTOR INC.,2100,Active,O,15,DEBURR,DEBURR,DEBURR COMPLETE,1.66,29.15,2014-12-10 00:00:00.000,1,60045,GENERATOR SHAFT,5,2014-08-21 00:00:00.000,0,58,2014-11-24 00:00:00.000,2014-11-26 07:38:00.000,DEBURR COMPLETE,2100,NULL,NULL,NULL,NULL,NULL
2100,FORMOT,FORD MOTOR INC.,2100,Active,O,15,INSPECT,INSPECT,PRE-H/T BLANK,1,29.15,2014-12-10 00:00:00.000,1,60045,GENERATOR SHAFT,5,2014-08-21 00:00:00.000,0,58,2014-11-24 00:00:00.000,2014-11-26 09:18:00.000,PRE-H/T BLANK,2100,NULL,NULL,NULL,NULL,NULL
2100,FORMOT,FORD MOTOR INC.,2100,Active,O,15,NULL,CHIHEA,HEAT TREATING,0,29.15,2014-12-10 00:00:00.000,1,60045,GENERATOR SHAFT,5,2014-08-21 00:00:00.000,5,58,2014-11-24 00:00:00.000,2014-11-26 10:18:00.000,HEAT TREATING,2100,NULL,NULL,NULL,NULL,NULL
2100,FORMOT,FORD MOTOR INC.,2100,Active,O,15,INSPECT,INSPECT,RECEIVE INSPECT,1,29.15,2014-12-10 00:00:00.000,1,60045,GENERATOR SHAFT,5,2014-08-21 00:00:00.000,0,58,2014-11-24 00:00:00.000,2014-12-03 10:18:00.000,RECEIVE INSPECT,2100,NULL,NULL,NULL,NULL,NULL
2100,FORMOT,FORD MOTOR INC.,2100,Active,O,15,NULL,RICPRE,THREAD ROLL,0,29.15,2014-12-10 00:00:00.000,1,60045,GENERATOR SHAFT,5,2014-08-21 00:00:00.000,5,58,2014-11-24 00:00:00.000,2014-12-03 11:48:00.000,THREAD ROLL,2100,NULL,NULL,NULL,NULL,NULL
2100,FORMOT,FORD MOTOR INC.,2100,Active,O,15,INSPECT,INSPECT,FINAL INSPECTION,0,29.15,2014-12-10 00:00:00.000,1,60045,GENERATOR SHAFT,5,2014-08-21 00:00:00.000,0,58,2014-11-24 00:00:00.000,2014-12-10 11:48:00.000,FINAL INSPECTION,2100,NULL,NULL,NULL,NULL,NULL
2100,FORMOT,FORD MOTOR INC.,2100,Active,O,15,PACK,PACK,SHIP TO CUSTOMER,1,29.15,2014-12-10 00:00:00.000,1,60045,GENERATOR SHAFT,5,2014-08-21 00:00:00.000,0,58,2014-11-24 00:00:00.000,2014-12-10 11:48:00.000,SHIP TO CUSTOMER,2100,NULL,NULL,NULL,NULL,NULL
2223,TORMFG,TORO MFG. COMPANY,2223,Active,S,3,SCREW,SCREW,B & S AUTO - DRILL & TAP,8.89,17.39,2014-09-19 00:00:00.000,2,25B - 1200,VALVE - RIGHT SIDE,5,2014-08-11 00:00:00.000,0,79,2014-09-11 00:00:00.000,2014-09-11 07:00:00.000,B & S AUTO - DRILL & TAP,2223,NULL,NULL,NULL,NULL,NULL
2223,TORMFG,TORO MFG. COMPANY,2223,Active,O,3,NULL,MIDFLA,HEAT TREAT,0,17.39,2014-09-19 00:00:00.000,2,25B - 1200,VALVE - RIGHT SIDE,5,2014-08-11 00:00:00.000,5,79,2014-09-11 00:00:00.000,2014-09-11 17:26:00.000,HEAT TREAT,2223,NULL,NULL,NULL,NULL,NULL
2223,TORMFG,TORO MFG. COMPANY,2223,Active,O,3,DRILL,DRILL,SECONDARY OPERATION,5.5,17.39,2014-09-19 00:00:00.000,2,25B - 1200,VALVE - RIGHT SIDE,5,2014-08-11 00:00:00.000,0,79,2014-09-11 00:00:00.000,2014-09-18 17:26:00.000,SECONDARY OPERATION,2223,NULL,NULL,NULL,NULL,NULL
2223,TORMFG,TORO MFG. COMPANY,2223,Active,O,3,INSPECT,INSPECT,NULL,2,17.39,2014-09-19 00:00:00.000,2,25B - 1200,VALVE - RIGHT SIDE,5,2014-08-11 00:00:00.000,0,79,2014-09-11 00:00:00.000,2014-09-18 23:00:00.000,NULL,2223,NULL,NULL,NULL,NULL,NULL
3000,TORMFG,TORO MFG. COMPANY,3000,Active,O,7,PROGRAM,PROGRAM,NULL,5,34.05,2014-12-03 00:00:00.000,2,1140,LANDING GEAR FITTING,5,2014-10-07 00:00:00.000,0,14,2014-11-24 00:00:00.000,2014-11-24 11:30:00.000,NULL,3000,NULL,NULL,NULL,NULL,NULL
3000,TORMFG,TORO MFG. COMPANY,3000,Active,O,7,SCREW,SCREW,B & S AUTO - DRILL & TAP,12.56,34.05,2014-12-03 00:00:00.000,2,1140,LANDING GEAR FITTING,5,2014-10-07 00:00:00.000,0,14,2014-11-24 00:00:00.000,2014-11-25 08:00:00.000,B & S AUTO - DRILL & TAP,3000,NULL,NULL,NULL,NULL,NULL
3000,TORMFG,TORO MFG. COMPANY,3000,Active,O,7,DEBURR,DEBURR,TUMBLE DEBURR,2,34.05,2014-12-03 00:00:00.000,2,1140,LANDING GEAR FITTING,5,2014-10-07 00:00:00.000,0,14,2014-11-24 00:00:00.000,2014-11-25 21:04:00.000,TUMBLE DEBURR,3000,NULL,NULL,NULL,NULL,NULL
3000,TORMFG,TORO MFG. COMPANY,3000,Active,O,7,INSPECT,INSPECT,NULL,2,34.05,2014-12-03 00:00:00.000,2,1140,LANDING GEAR FITTING,5,2014-10-07 00:00:00.000,0,14,2014-11-24 00:00:00.000,2014-11-26 07:04:00.000,NULL,3000,NULL,NULL,NULL,NULL,NULL
3000,TORMFG,TORO MFG. COMPANY,3000,Active,O,7,DRILL,DRILL,SECONDARY OPERATION,4.33,34.05,2014-12-03 00:00:00.000,2,1140,LANDING GEAR FITTING,5,2014-10-07 00:00:00.000,0,14,2014-11-24 00:00:00.000,2014-11-26 09:04:00.000,SECONDARY OPERATION,3000,NULL,NULL,NULL,NULL,NULL
3000,TORMFG,TORO MFG. COMPANY,3000,Active,O,7,NULL,MIDFLA,HEAT TREAT,0,34.05,2014-12-03 00:00:00.000,2,1140,LANDING GEAR FITTING,5,2014-10-07 00:00:00.000,5,14,2014-11-24 00:00:00.000,2014-11-26 13:54:00.000,HEAT TREAT,3000,NULL,NULL,NULL,NULL,NULL
3000,TORMFG,TORO MFG. COMPANY,3000,Active,O,7,PACK,PACK,FINAL INSPECTION & PACK,8.16,34.05,2014-12-03 00:00:00.000,2,1140,LANDING GEAR FITTING,5,2014-10-07 00:00:00.000,0,14,2014-11-24 00:00:00.000,2014-12-03 13:54:00.000,FINAL INSPECTION & PACK,3000,NULL,NULL,NULL,NULL,NULL
3000,TORMFG,TORO MFG. COMPANY,3000,Active,O,7,PROGRAM,PROGRAM,NULL,5,34.05,2014-12-03 00:00:00.000,2,1140,LANDING GEAR FITTING,5,2014-10-07 00:00:00.000,0,15,2014-11-24 00:00:00.000,2014-11-24 11:30:00.000,NULL,3000,NULL,NULL,NULL,NULL,NULL
3000,TORMFG,TORO MFG. COMPANY,3000,Active,O,7,SCREW,SCREW,B & S AUTO - DRILL & TAP,12.56,34.05,2014-12-03 00:00:00.000,2,1140,LANDING GEAR FITTING,5,2014-10-07 00:00:00.000,0,15,2014-11-24 00:00:00.000,2014-11-25 08:00:00.000,B & S AUTO - DRILL & TAP,3000,NULL,NULL,NULL,NULL,NULL
3000,TORMFG,TORO MFG. COMPANY,3000,Active,O,7,DEBURR,DEBURR,TUMBLE DEBURR,2,34.05,2014-12-03 00:00:00.000,2,1140,LANDING GEAR FITTING,5,2014-10-07 00:00:00.000,0,15,2014-11-24 00:00:00.000,2014-11-25 21:04:00.000,TUMBLE DEBURR,3000,NULL,NULL,NULL,NULL,NULL
3000,TORMFG,TORO MFG. COMPANY,3000,Active,O,7,INSPECT,INSPECT,NULL,2,34.05,2014-12-03 00:00:00.000,2,1140,LANDING GEAR FITTING,5,2014-10-07 00:00:00.000,0,15,2014-11-24 00:00:00.000,2014-11-26 07:04:00.000,NULL,3000,NULL,NULL,NULL,NULL,NULL
3000,TORMFG,TORO MFG. COMPANY,3000,Active,O,7,DRILL,DRILL,SECONDARY OPERATION,4.33,34.05,2014-12-03 00:00:00.000,2,1140,LANDING GEAR FITTING,5,2014-10-07 00:00:00.000,0,15,2014-11-24 00:00:00.000,2014-11-26 09:04:00.000,SECONDARY OPERATION,3000,NULL,NULL,NULL,NULL,NULL
3000,TORMFG,TORO MFG. COMPANY,3000,Active,O,7,NULL,MIDFLA,HEAT TREAT,0,34.05,2014-12-03 00:00:00.000,2,1140,LANDING GEAR FITTING,5,2014-10-07 00:00:00.000,5,15,2014-11-24 00:00:00.000,2014-11-26 13:54:00.000,HEAT TREAT,3000,NULL,NULL,NULL,NULL,NULL
3000,TORMFG,TORO MFG. COMPANY,3000,Active,O,7,PACK,PACK,FINAL INSPECTION & PACK,8.16,34.05,2014-12-03 00:00:00.000,2,1140,LANDING GEAR FITTING,5,2014-10-07 00:00:00.000,0,15,2014-11-24 00:00:00.000,2014-12-03 13:54:00.000,FINAL INSPECTION & PACK,3000,NULL,NULL,NULL,NULL,NULL
3333,HONINC,HONEYWELL INC.,3333,Active,O,6,SHEAR,SHEAR,NULL,20.2,103.92,2014-12-12 00:00:00.000,2,BASE PLATE,BASE PLATE,5,2014-09-11 00:00:00.000,0,9,2014-11-24 00:00:00.000,2014-11-24 11:30:00.000,NULL,3333,NULL,NULL,NULL,NULL,NULL
3333,HONINC,HONEYWELL INC.,3333,Active,O,6,PUNCH,PUNCH,NULL,40.5,103.92,2014-12-12 00:00:00.000,2,BASE PLATE,BASE PLATE,5,2014-09-11 00:00:00.000,0,9,2014-11-24 00:00:00.000,2014-11-25 07:42:00.000,NULL,3333,NULL,NULL,NULL,NULL,NULL
3333,HONINC,HONEYWELL INC.,3333,Active,O,6,60 PRESS,60 PRESS,NULL,17.72,103.92,2014-12-12 00:00:00.000,2,BASE PLATE,BASE PLATE,5,2014-09-11 00:00:00.000,0,9,2014-11-24 00:00:00.000,2014-11-28 07:00:00.000,NULL,3333,NULL,NULL,NULL,NULL,NULL
3333,HONINC,HONEYWELL INC.,3333,Active,O,6,DEBURR,DEBURR,NULL,25,103.92,2014-12-12 00:00:00.000,2,BASE PLATE,BASE PLATE,5,2014-09-11 00:00:00.000,0,9,2014-11-24 00:00:00.000,2014-12-02 08:43:00.000,NULL,3333,NULL,NULL,NULL,NULL,NULL
3333,HONINC,HONEYWELL INC.,3333,Active,O,6,NULL,TRUCOA,PLATING & PAINTING,0,103.92,2014-12-12 00:00:00.000,2,BASE PLATE,BASE PLATE,5,2014-09-11 00:00:00.000,7,9,2014-11-24 00:00:00.000,2014-12-03 18:43:00.000,PLATING & PAINTING,3333,NULL,NULL,NULL,NULL,NULL
3333,HONINC,HONEYWELL INC.,3333,Active,O,6,INSPECT,INSPECT,NULL,0.5,103.92,2014-12-12 00:00:00.000,2,BASE PLATE,BASE PLATE,5,2014-09-11 00:00:00.000,0,9,2014-11-24 00:00:00.000,2014-12-12 18:43:00.000,NULL,3333,NULL,NULL,NULL,NULL,NULL
3333,HONINC,HONEYWELL INC.,3333,Active,O,6,SHEAR,SHEAR,NULL,20.2,103.92,2014-12-12 00:00:00.000,2,BASE PLATE,BASE PLATE,5,2014-09-11 00:00:00.000,0,10,2014-11-24 00:00:00.000,2014-11-24 11:30:00.000,NULL,3333,NULL,NULL,NULL,NULL,NULL
3333,HONINC,HONEYWELL INC.,3333,Active,O,6,PUNCH,PUNCH,NULL,40.5,103.92,2014-12-12 00:00:00.000,2,BASE PLATE,BASE PLATE,5,2014-09-11 00:00:00.000,0,10,2014-11-24 00:00:00.000,2014-11-25 07:42:00.000,NULL,3333,NULL,NULL,NULL,NULL,NULL
3333,HONINC,HONEYWELL INC.,3333,Active,O,6,60 PRESS,60 PRESS,NULL,17.72,103.92,2014-12-12 00:00:00.000,2,BASE PLATE,BASE PLATE,5,2014-09-11 00:00:00.000,0,10,2014-11-24 00:00:00.000,2014-11-28 07:00:00.000,NULL,3333,NULL,NULL,NULL,NULL,NULL
3333,HONINC,HONEYWELL INC.,3333,Active,O,6,DEBURR,DEBURR,NULL,25,103.92,2014-12-12 00:00:00.000,2,BASE PLATE,BASE PLATE,5,2014-09-11 00:00:00.000,0,10,2014-11-24 00:00:00.000,2014-12-02 08:43:00.000,NULL,3333,NULL,NULL,NULL,NULL,NULL
3333,HONINC,HONEYWELL INC.,3333,Active,O,6,NULL,TRUCOA,PLATING & PAINTING,0,103.92,2014-12-12 00:00:00.000,2,BASE PLATE,BASE PLATE,5,2014-09-11 00:00:00.000,7,10,2014-11-24 00:00:00.000,2014-12-03 18:43:00.000,PLATING & PAINTING,3333,NULL,NULL,NULL,NULL,NULL
3333,HONINC,HONEYWELL INC.,3333,Active,O,6,INSPECT,INSPECT,NULL,0.5,103.92,2014-12-12 00:00:00.000,2,BASE PLATE,BASE PLATE,5,2014-09-11 00:00:00.000,0,10,2014-11-24 00:00:00.000,2014-12-12 18:43:00.000,NULL,3333,NULL,NULL,NULL,NULL,NULL
4545,FORMOT,FORD MOTOR INC.,4545,Active,O,6,PROGRAM,PROGRAM,NULL,7,31.42,2014-12-03 00:00:00.000,2,XF-23990,RELIEF VALVE BODY,5,2014-08-11 00:00:00.000,0,7,2014-11-24 00:00:00.000,2014-11-24 11:30:00.000,NULL,4545,Rich,NULL,NULL,NULL,NULL
4545,FORMOT,FORD MOTOR INC.,4545,Active,O,6,CNC LATHE,CNC LATHE,LG MORI - SEKI,13.11,31.42,2014-12-03 00:00:00.000,2,XF-23990,RELIEF VALVE BODY,5,2014-08-11 00:00:00.000,0,7,2014-11-24 00:00:00.000,2014-11-25 10:00:00.000,LG MORI - SEKI,4545,Rich,NULL,NULL,NULL,NULL
4545,FORMOT,FORD MOTOR INC.,4545,Active,O,6,DRILL,DRILL,SECONDARY OPERATION,6.35,31.42,2014-12-03 00:00:00.000,2,XF-23990,RELIEF VALVE BODY,5,2014-08-11 00:00:00.000,0,7,2014-11-24 00:00:00.000,2014-11-26 07:00:00.000,SECONDARY OPERATION,4545,Rich,NULL,NULL,NULL,NULL
4545,FORMOT,FORD MOTOR INC.,4545,Active,O,6,DEBURR,DEBURR,NULL,2.96,31.42,2014-12-03 00:00:00.000,2,XF-23990,RELIEF VALVE BODY,5,2014-08-11 00:00:00.000,0,7,2014-11-24 00:00:00.000,2014-11-26 13:51:00.000,NULL,4545,Rich,NULL,NULL,NULL,NULL
4545,FORMOT,FORD MOTOR INC.,4545,Active,O,6,NULL,CHIHEA,HEAT TREATING,0,31.42,2014-12-03 00:00:00.000,2,XF-23990,RELIEF VALVE BODY,5,2014-08-11 00:00:00.000,5,7,2014-11-24 00:00:00.000,2014-11-26 16:49:00.000,HEAT TREATING,4545,Rich,NULL,NULL,NULL,NULL
4545,FORMOT,FORD MOTOR INC.,4545,Active,O,6,INSPECT,INSPECT,AND PACKSHIP,2,31.42,2014-12-03 00:00:00.000,2,XF-23990,RELIEF VALVE BODY,5,2014-08-11 00:00:00.000,0,7,2014-11-24 00:00:00.000,2014-12-03 16:49:00.000,AND PACKSHIP,4545,Rich,NULL,NULL,NULL,NULL
5000,FORMOT,FORD MOTOR INC.,5000,Active,O,4,DRILL,DRILL,SECONDARY OPERATION,11.02,43.76,2014-12-02 00:00:00.000,2,XF-23990,RELIEF VALVE BODY,5,2014-10-12 00:00:00.000,0,3,2014-11-24 00:00:00.000,2014-11-24 11:30:00.000,SECONDARY OPERATION,5000,NULL,NULL,NULL,NULL,NULL
5000,FORMOT,FORD MOTOR INC.,5000,Active,O,4,DEBURR,DEBURR,NULL,5.76,43.76,2014-12-02 00:00:00.000,2,XF-23990,RELIEF VALVE BODY,5,2014-10-12 00:00:00.000,0,3,2014-11-24 00:00:00.000,2014-11-24 22:31:00.000,NULL,5000,NULL,NULL,NULL,NULL,NULL
5000,FORMOT,FORD MOTOR INC.,5000,Active,O,4,NULL,MIDFLA,HEAT TREATING,0,43.76,2014-12-02 00:00:00.000,2,XF-23990,RELIEF VALVE BODY,5,2014-10-12 00:00:00.000,5,3,2014-11-24 00:00:00.000,2014-11-25 12:47:00.000,HEAT TREATING,5000,NULL,NULL,NULL,NULL,NULL
5000,FORMOT,FORD MOTOR INC.,5000,Active,O,4,INSPECT,INSPECT,AND PACKSHIP,2,43.76,2014-12-02 00:00:00.000,2,XF-23990,RELIEF VALVE BODY,5,2014-10-12 00:00:00.000,0,3,2014-11-24 00:00:00.000,2014-12-02 12:47:00.000,AND PACKSHIP,5000,NULL,NULL,NULL,NULL,NULL
5000,FORMOT,FORD MOTOR INC.,5000,Active,O,4,DRILL,DRILL,SECONDARY OPERATION,11.02,43.76,2014-12-02 00:00:00.000,2,XF-23990,RELIEF VALVE BODY,5,2014-10-12 00:00:00.000,0,4,2014-11-24 00:00:00.000,2014-11-24 11:30:00.000,SECONDARY OPERATION,5000,NULL,NULL,NULL,NULL,NULL
5000,FORMOT,FORD MOTOR INC.,5000,Active,O,4,DEBURR,DEBURR,NULL,5.76,43.76,2014-12-02 00:00:00.000,2,XF-23990,RELIEF VALVE BODY,5,2014-10-12 00:00:00.000,0,4,2014-11-24 00:00:00.000,2014-11-24 22:31:00.000,NULL,5000,NULL,NULL,NULL,NULL,NULL
5000,FORMOT,FORD MOTOR INC.,5000,Active,O,4,NULL,MIDFLA,HEAT TREATING,0,43.76,2014-12-02 00:00:00.000,2,XF-23990,RELIEF VALVE BODY,5,2014-10-12 00:00:00.000,5,4,2014-11-24 00:00:00.000,2014-11-25 12:47:00.000,HEAT TREATING,5000,NULL,NULL,NULL,NULL,NULL
5000,FORMOT,FORD MOTOR INC.,5000,Active,O,4,INSPECT,INSPECT,AND PACKSHIP,2,43.76,2014-12-02 00:00:00.000,2,XF-23990,RELIEF VALVE BODY,5,2014-10-12 00:00:00.000,0,4,2014-11-24 00:00:00.000,2014-12-02 12:47:00.000,AND PACKSHIP,5000,NULL,NULL,NULL,NULL,NULL
8000,FORMOT,FORD MOTOR INC.,8000,Active,O,3,CNC LATHE,CNC LATHE,NULL,54.5,63.5,2014-11-27 00:00:00.000,2,AS-FG12990,HOSE ASSEMBLY SLEEVE,5,2014-10-06 00:00:00.000,0,40,2014-11-24 00:00:00.000,2014-11-24 11:30:00.000,NULL,8000,NULL,NULL,NULL,NULL,NULL
8000,FORMOT,FORD MOTOR INC.,8000,Active,O,3,DRILL,DRILL,DRILL PER SPEC,4,63.5,2014-11-27 00:00:00.000,2,AS-FG12990,HOSE ASSEMBLY SLEEVE,5,2014-10-06 00:00:00.000,0,40,2014-11-24 00:00:00.000,2014-11-26 19:00:00.000,DRILL PER SPEC,8000,NULL,NULL,NULL,NULL,NULL
8000,FORMOT,FORD MOTOR INC.,8000,Active,O,3,INSPECT,INSPECT,FINAL INSPECT,5,63.5,2014-11-27 00:00:00.000,2,AS-FG12990,HOSE ASSEMBLY SLEEVE,5,2014-10-06 00:00:00.000,0,40,2014-11-24 00:00:00.000,2014-11-26 23:00:00.000,FINAL INSPECT,8000,NULL,NULL,NULL,NULL,NULL
9500,FORMOT,FORD MOTOR INC.,9500,Active,O,3,CNC MILL,CNC MILL,DRILL -  SM CINCINATTI,4.42,31.22,2014-12-01 00:00:00.000,2,XF-2255,ROLLER VALVE SHAFT,5,2014-09-21 00:00:00.000,0,13,2014-11-24 00:00:00.000,2014-11-24 11:30:00.000,DRILL -  SM CINCINATTI,9500,1234,NULL,NULL,NULL,NULL
9500,FORMOT,FORD MOTOR INC.,9500,Active,O,3,DEBURR,DEBURR,HAND DEBURR,2.19,31.22,2014-12-01 00:00:00.000,2,XF-2255,ROLLER VALVE SHAFT,5,2014-09-21 00:00:00.000,0,13,2014-11-24 00:00:00.000,2014-11-24 15:55:00.000,HAND DEBURR,9500,1234,NULL,NULL,NULL,NULL
9500,FORMOT,FORD MOTOR INC.,9500,Active,S,3,NULL,MIDFLA,HEAT TREAT,0,31.22,2014-12-01 00:00:00.000,2,XF-2255,ROLLER VALVE SHAFT,5,2014-09-21 00:00:00.000,5,13,2014-11-24 00:00:00.000,2014-11-24 18:06:00.000,HEAT TREAT,9500,1234,NULL,NULL,NULL,NULL
9500,FORMOT,FORD MOTOR INC.,9500,Active,O,3,INSPECT,INSPECT,INSPECT / PACK / SHIP,2,31.22,2014-12-01 00:00:00.000,2,XF-2255,ROLLER VALVE SHAFT,5,2014-09-21 00:00:00.000,0,13,2014-11-24 00:00:00.000,2014-12-01 18:06:00.000,INSPECT / PACK / SHIP,9500,1234,NULL,NULL,NULL,NULL
9501,FORMOT,FORD MOTOR INC.,9501,Active,O,6,PROGRAM,PROGRAM,CAD & CAM WORK,4,30.25,2014-12-02 00:00:00.000,2,F-2255,MOTOR SHAFT - ELECTRIC,5,2014-10-12 00:00:00.000,0,59,2014-11-24 00:00:00.000,2014-11-24 11:30:00.000,CAD & CAM WORK,9501,1234,NULL,NULL,NULL,NULL
9501,FORMOT,FORD MOTOR INC.,9501,Active,O,6,CNC LATHE,CNC LATHE,LG MORI - SEKI,17.89,30.25,2014-12-02 00:00:00.000,2,F-2255,MOTOR SHAFT - ELECTRIC,5,2014-10-12 00:00:00.000,0,59,2014-11-24 00:00:00.000,2014-11-24 15:30:00.000,LG MORI - SEKI,9501,1234,NULL,NULL,NULL,NULL
9501,FORMOT,FORD MOTOR INC.,9501,Active,O,6,CNC MILL,CNC MILL,DRILL -  SM CINCINATTI,4.28,30.25,2014-12-02 00:00:00.000,2,F-2255,MOTOR SHAFT - ELECTRIC,5,2014-10-12 00:00:00.000,0,59,2014-11-24 00:00:00.000,2014-11-25 09:23:00.000,DRILL -  SM CINCINATTI,9501,1234,NULL,NULL,NULL,NULL
9501,FORMOT,FORD MOTOR INC.,9501,Active,O,6,DEBURR,DEBURR,HAND DEBURR,2.08,30.25,2014-12-02 00:00:00.000,2,F-2255,MOTOR SHAFT - ELECTRIC,5,2014-10-12 00:00:00.000,0,59,2014-11-24 00:00:00.000,2014-11-25 14:10:00.000,HAND DEBURR,9501,1234,NULL,NULL,NULL,NULL
9501,FORMOT,FORD MOTOR INC.,9501,Active,O,6,NULL,MIDFLA,HEAT TREAT,0,30.25,2014-12-02 00:00:00.000,2,F-2255,MOTOR SHAFT - ELECTRIC,5,2014-10-12 00:00:00.000,5,59,2014-11-24 00:00:00.000,2014-11-25 16:15:00.000,HEAT TREAT,9501,1234,NULL,NULL,NULL,NULL
9501,FORMOT,FORD MOTOR INC.,9501,Active,O,6,INSPECT,INSPECT,INSPECT / PACK / SHIP,2,30.25,2014-12-02 00:00:00.000,2,F-2255,MOTOR SHAFT - ELECTRIC,5,2014-10-12 00:00:00.000,0,59,2014-11-24 00:00:00.000,2014-12-02 16:15:00.000,INSPECT / PACK / SHIP,9501,1234,NULL,NULL,NULL,NULL
